"Date of sale","Time of sale","Date of listing","Bundle","Buyer","Brand","Description","Size","Item price","Buyer shipping cost","Total","USPS Cost","Depop fee","Depop Payments fee","Boosting fee","Total fee VAT","Total fee excl. VAT","Payment type","Category","Country","Unknown Tax","US Sales tax","Australia Sales tax","Refunded to buyer amount","Fees refunded to seller"
"21/02/2023","10:17 PM","28/01/2023","No","imanh001","N/A","Gorpcore cargo jacket

Utility khaki cargo jacket with asymmetric zip. Features cargo pocket with strap matching adjustable straps on sleeves. Contrast fabric across back and collar. Very faint yellowish marks down back and back right sleeve otherwise excellent condition! 

âœ° Measurements
Label - no label fits M UK10-12
Length - 21â€
Pit to pit - 17.5â€
Shoulder to shoulder - 15.75â€
Sleeve from pit - 17â€
XS/S mannequin. (Pinned to fit) 

âœ° 2+ items for free UK shipping!!
âœ° USA - Â£20
âœ° EUROPE - Â£13.62

ğŸ° Sales are final! ğŸ°","M","Â£42.00","Â£3.95","Â£45.95","Â£0.00","Â£4.60","Â£1.63","=""-""","Â£1.04","Â£5.19","STRIPE","Outerwear","GB",,,,"N/A","N/A"
"21/02/2023","11:18 PM","21/02/2023","No","styleanon","Diesel","Diesel asymmetric zip up

Gorpcore Diesel zip up sweater. Features asymmetric zip and collar. Raw fabric edge details and branded zip puller. Excellent condition! 

âœ° Measurements
Label - S fits UK8/10
Length - 22â€
Shoulder to shoulder - 16â€
Pit to pit - 17â€
Sleeve from pit - 19â€
XS/S mannequin. 

âœ° 2+ items for free UK shipping!!
âœ° USA - Â£20
âœ° EUROPE - Â£12

ğŸ¸ Sales are final! ğŸ¸  
FC430","S","Â£70.00","Â£4.71","Â£74.71","Â£0.00","Â£7.47","Â£2.47","=""-""","Â£1.66","Â£8.28","STRIPE","Outerwear","GB",,,,"N/A","N/A"
"22/02/2023","5:48 PM","21/02/2023","Yes","yeeziilov","N/A","Gorpcore rib knit hoodie

00s zip up knit hoodie khaki and brown. Features double zip at front zips on both sleeves. Excellent condition! 

âœ° Measurements
Label - 2 fits S/M UK8/10/12
Length - 21â€
Shoulder to shoulder - 15â€
Pit to pit - 16â€
Sleeve from pit - 21â€
XS/S mannequin. 

âœ° 2+ items for free UK shipping!!
âœ° USA - Â£19.80
âœ° EUROPE - Â£11.12

ğŸ¸ Sales are final! ğŸ¸
FC410","M","Â£50.00","Â£0.00","Â£155.00","Â£0.00","Â£5.00","Â£0.00","=""-""","Â£0.83","Â£4.17","PAYPAL","Sweaters","GB",,,,"N/A","N/A"
"22/02/2023","5:48 PM","21/02/2023","Yes","yeeziilov","N/A","Utility zip up jumper

Chunky knit sweater with zip opening at front. features two big pockets on front zip up collar and rib knit details. Bottom of zipper broken quite hard to open fully hole in front of left arm as displayed. Otherwise fair condition.

âœ° Measurements
Label - UK6/8 fits more like S/M UK8/10/12
Length - 21â€
Shoulder to shoulder - 16.5â€
Pit to pit - 17â€
Sleeve from pit - 22â€
XS/S mannequin. 

âœ° 2+ items for free UK shipping!!
âœ° USA - Â£19.80
âœ° EUROPE - Â£11.12

ğŸ¸ Sales are final! ğŸ¸
FC404","M","Â£20.00","=""-""","=""-""","=""-""","Â£2.00","=""-""","=""-""","=""-""","=""-""","PAYPAL","Sweaters","GB","=""-""","=""-""","=""-""","N/A","N/A"
"22/02/2023","5:48 PM","21/02/2023","Yes","yeeziilov","Diesel","Diesel asymmetric sweater

00s diesel sweater. Features curved button up opening at front button up collar raw seam details  buttoned vent at back and embroidered text around side of hem. Excellent condition! 

âœ° Measurements
Label - M fits M/L UK10/12/14
Length - 22â€
Shoulder to shoulder - 16/16.5â€
Pit to pit - 20â€
Sleeve from pit - 24â€
XS/S mannequin. (Pinned to fit)

âœ° 2+ items for free UK shipping!!
âœ° USA - Â£20
âœ° EUROPE - Â£13.62

ğŸ¸ Sales are final! ğŸ¸
FC434","M","Â£85.00","=""-""","=""-""","=""-""","Â£8.50","=""-""","=""-""","=""-""","=""-""","PAYPAL","Outerwear","GB","=""-""","=""-""","=""-""","N/A","N/A"
"23/02/2023","1:45 AM","01/02/2023","No","rebby_ca","N/A","2000s zip up sweater 

Gorpcore zip up faded grey wash. features raw seam details on hem cuffs and zip. Intentionally faded design on front two nice little pockets. Contrast embroidery on back neck. Excellent condition!

âœ° Measurements

Label - S fits UK6/8
Length - 21â€
Pit to pit - 15â€
Shoulder to shoulder - 14â€
Sleeve from pit - 19.5â€
XS/S mannequin. 

âœ° 2+ items for free UK shipping!!
âœ° USA - Â£19.85
âœ° EUROPE - Â£11.12

ğŸ° Sales are final! ğŸ°","S","Â£42.00","Â£3.95","Â£45.95","Â£0.00","Â£4.60","Â£1.63","=""-""","Â£1.04","Â£5.19","STRIPE","Outerwear","GB",,,,"N/A","N/A"
"23/02/2023","4:10 PM","21/02/2023","No","suzaanstander","Diesel","00s Diesel crossbody bag

Vintage Diesel shoulder bag/satchel. Adjustable strap lots of pockets in excellent condition! 

âœ° Measurements
Width - 7.75â€
Length - 10â€
Opening - 7.5â€
XS/S mannequin. 

âœ° 2nd class shipping 2+ items free UK shipping
âœ° EU - Â£12 
âœ° USA - Â£20

ğŸ¸ Sales are final! ğŸ¸
FA36",,"Â£60.00","Â£17.00","Â£84.70","Â£0.00","Â£7.70","Â£2.76","=""-""","Â£1.74","Â£8.72","STRIPE","Bags & Purses","AU",,,"Â£7.70","N/A","N/A"
"24/02/2023","11:14 AM","21/02/2023","No","isabellas_vintage","N/A","Gorpcore graphic tshirt 

Longsleeve khaki T-shirt with writing print across front. Features asymmetric seam and embroidery details. Some dark marks by right side of hem otherwise great condition!

âœ°  Measurements
Label - 1 fits S UK6/8/10
Length - 21.5â€
Shoulder to shoulder - 13.5â€
Pit to pit - 15.5â€
Sleeve from pit - 18â€
XS/S mannequin. 

âœ° 2+ items for free UK shipping!!
âœ° USA - Â£9.75
âœ° EUROPE - Â£8.75

ğŸ¸ Sales are final! ğŸ¸","S","Â£24.00","Â£3.05","Â£27.05","Â£0.00","Â£2.70","Â£0.00","=""-""","Â£0.45","Â£2.25","PAYPAL","T-shirts","GB",,,,"N/A","N/A"
"24/02/2023","1:34 PM","31/01/2023","No","ringsthat","Cop Copine","Cop Copine khaki turtleneck 

90s 00s Cop Copine khaki/black long sleeve T-shirt with turtleneck. Features Raglan sleeves and flocked graphic on back. Excellent condition!

âœ° Measurements
Label - 2 fits M UK10-12
Length - 21â€
Pit to pit - 16â€
Sleeve from pit - 23.5â€
XS/S mannequin. (Top pictured is size S)

âœ° 2+ items for free UK shipping!!
âœ° USA - Â£13.15
âœ° EUROPE - Â£11.70

ğŸ¦‹ Sales are final! ğŸ¦‹
#copcopine #gorpcore","M","Â£49.00","Â£4.04","Â£53.04","Â£0.00","Â£5.30","Â£0.00","=""-""","Â£0.88","Â£4.42","PAYPAL","T-shirts","GB",,,,"N/A","N/A"
"24/02/2023","6:24 PM","21/02/2023","No","miwawaa","N/A","Gorpcore bomber jacket

00s semi lightweight utilitarian jacket grey/brown colour. Features two front pockets and one mini arm pocket. Browny grey rib knit hem and collar not sure if two tone or faded. Very tiny frays at pocket edge otherwise excellent condition!

âœ° Measurements
Label - 34 fits M UK10/12
Length - 21.5â€
Shoulder to shoulder - 15.75â€
Pit to pit - 19â€
Sleeve from pit - 20â€
XS/S mannequin. (Pinned to fit)

âœ° 2+ items for free UK shipping!!
âœ° USA - Â£21
âœ° EUROPE - Â£12.15

ğŸ¸ Sales are final! ğŸ¸
FC409","M","Â£65.00","Â£4.71","Â£69.71","Â£0.00","Â£6.97","Â£2.32","=""-""","Â£1.55","Â£7.74","STRIPE","Outerwear","GB",,,,"Â£4.71","Â£0.63"
"24/02/2023","6:46 PM","21/02/2023","No","miwawaa","N/A","Gorpcore cropped bomber jacket

00s brown cropped lightweight bomber. Features zip fastening four pockets on front and one one the arm. Rib knit cuffs and hem. Great condition! 

âœ° Measurements
Label - S fits UK6/8/10
Length - 19.5â€
Shoulder to shoulder - 15â€
Pit to pit - 17.5â€
Sleeve from pit - 20â€
XS/S mannequin. 

âœ° 2+ items for free UK shipping!!
âœ° USA - Â£19.80
âœ° EUROPE - Â£11.12

ğŸ¸ Sales are final! ğŸ¸
FC424","S","Â£38.00","Â£3.95","Â£41.95","Â£0.00","Â£4.20","Â£1.52","=""-""","Â£0.95","Â£4.77","STRIPE","Outerwear","GB",,,,"Â£3.95","Â£0.54"
"25/02/2023","12:34 AM","01/02/2023","No","miwawaa","N/A","Y2k biker T-shirt

2000s biker tee featuring fake metal stud graphic on front. Logo reads â€˜West Coast Choppersâ€™. Logo is off-centre. A few studs have fallen off as pictured some faint grey marks on T-shirt body. Otherwise good condition! 

âœ° Measurements
Label - no label fits S UK8/10
Length - 23.5â€
Pit to pit - 15.5â€
Shoulder to shoulder - 12.5â€
Sleeve from pit - 1.5â€
XS/S mannequin. 

âœ° 2+ items for free UK shipping!!
âœ° USA - Â£9.75
âœ° EUROPE - Â£8.75

ğŸ° Sales are final! ğŸ°","S","Â£18.00","Â£3.95","Â£21.95","Â£0.00","Â£2.20","Â£0.94","=""-""","Â£0.52","Â£2.62","STRIPE","T-shirts","GB",,,,"Â£3.95","Â£0.57"
"25/02/2023","7:26 PM","02/02/2023","No","minapirusa","Diesel","2000s Diesel tshirt 

Gorpcore vintage Diesel tshirt. Dark grey colour with white â€˜dieselâ€™ graphic. Features chunky hem and raw seam details. Excellent condition! 

âœ° Measurements
Label - M Fits S/M UK8/10/12
Length - 22.5""
Pit to pit - 15""
Shoulder to shoulder - 14""
Sleeve from pit - 1""
XS/S mannequin. 

âœ° 2+ items for free UK shipping!!
âœ° USA - Â£9.75
âœ° EUROPE - Â£8.75

ğŸ¸ Sales are final! ğŸ¸","M","Â£35.00","Â£9.75","Â£44.75","Â£0.00","Â£4.48","Â£1.60","=""-""","Â£1.01","Â£5.07","STRIPE","T-shirts","US",,,,"N/A","N/A"
"26/02/2023","12:29 PM","28/01/2023","No","lottiebrazier","N/A","Gorpcore cargo shoulder bag  

Vintage Khaki canvas bag with brown trim and fake leather detailing. Two cargo pockets at front interior zip pocket and little sleeves. Excellent condition! 

âœ° Measurements
Width - 15""
Height - 12/12.5""
Opening - 10.5/11""

âœ° 2+ items for free UK shipping!!
âœ° USA - Â£15
âœ° EUROPE - Â£10

ğŸ° Sales are final! ğŸ°",,"Â£40.00","Â£3.95","Â£43.95","Â£0.00","Â£4.40","Â£1.57","=""-""","Â£1.00","Â£4.97","STRIPE","Bags & Purses","GB",,,,"N/A","N/A"
"26/02/2023","6:59 PM","05/02/2023","No","honorray","N/A","Gorpcore beige asymmetric jacket 

2000s zip up lightweight jacket. Features asymmetric diagonal zip opening two zip pocket on the front. Zip cuffs and red screen print on the back. Excellent condition!

âœ° Measurements
Label - 2 fits M UK10/12
Length - 22.5â€
Pit to pit - 19â€
Shoulder - 4.5â€
Sleeve - 22.5/23â€
XS/S mannequin. (Pinned to fit)

âœ° 2+ items for free UK shipping!!
âœ° USA - Â£20
âœ° EUROPE - Â£12

ğŸ¸ Sales are final! ğŸ¸","M","Â£50.00","Â£3.95","Â£53.95","Â£0.00","Â£5.40","Â£0.00","=""-""","Â£0.90","Â£4.50","PAYPAL","Outerwear","GB",,,,"N/A","N/A"
"26/02/2023","10:50 PM","01/02/2023","No","abigail1357","N/A","Gorpcore cargo jacket

2000s grey cargo jacket. Features four pockets on front and one mini arm pocket. Rib knit hem and cuffs eyelet details on collar and hem. Knit is piling a bit and two small frays on back of right sleeve by cuff sized 8x2mm and 5x1mm. Not noticeable does not affect wearability. Otherwise Great condition!

âœ° Measurements

Label - M Fits UK10/12
Length - 21.75â€
Shoulder to shoulder - 15.5â€
Sleeve - 19â€
Pit to pit - 19â€
XS/S mannequin. (Pinned to fit)

âœ° 2+ items for free UK shipping!!
âœ° USA - Â£21
âœ° EUROPE - Â£12.15

ğŸ° Sales are final! ğŸ°","M","Â£55.00","Â£3.95","Â£58.95","Â£0.00","Â£5.90","Â£0.00","=""-""","Â£0.98","Â£4.92","PAYPAL","Outerwear","GB",,,,"N/A","N/A"
"27/02/2023","12:14 PM","08/01/2023","No","ninaninanina6","Cop Copine","90s Cop Copine maxi dress

Cop Copine denim long dress. Features shoulder straps with contrast details. Two big waist pockets one has rubber logo! Back has adjustable elastic toggle to tighten bust/waist. Excellent condition!

âœ° Measurements
Label - 38 fits M UK10-12
Pit to pit - 16.75â€
Length - 49â€
Waist - 17â€
XS/S mannequin. (Pinned)

âœ° 2+ items for free UK shipping!!
âœ° USA - Â£20
âœ° EUROPE - Â£12

ğŸ° Sales are final! ğŸ°","M","Â£56.00","Â£0.00","Â£56.00","Â£0.00","Â£5.60","Â£0.00","=""-""","Â£0.93","Â£4.67","PAYPAL","Dresses","GB",,,,"N/A","N/A"
"01/03/2023","2:46 AM","27/02/2023","Yes","miwawaa","Esprit","Edc esprit zip sweater

2000s zip up EDC sweater. Light pink colour featuring red and pink screen print and zip up collar. Excellent condition! 

âœ° Measurements

Label - L fits UK12/14
Length -23â€
Shoulder to shoulder - 15.5â€
Pit to pit - 17.75â€
Sleeve from pit - 20.5â€
XS/S mannequin. (Pinned to fit)

âœ° 2+ items for free UK shipping!!
âœ° USA - Â£19.80
âœ° EUROPE - Â£11.12

ğŸ¸ Sales are final! ğŸ¸","L","Â£40.00","Â£0.00","Â£101.00","Â£0.00","Â£4.00","Â£3.23","=""-""","Â£1.21","Â£6.02","STRIPE","Sweatshirts","GB",,,,"N/A","N/A"
"01/03/2023","2:46 AM","28/02/2023","Yes","miwawaa","N/A","Gorpcore red graphic tee

2000s red tshirt featuring white footsteps screen print with two black paw prints. Excellent condition!

âœ° Measurements
Label - 2 fits M UK10/12
Length -21.5â€
Shoulder to shoulder - 13.5â€
Pit to pit - 17.25â€
Sleeve from pit - 1â€
XS/S mannequin. (Pinned)

âœ° 2+ items for free UK shipping!!
âœ° USA - Â£10.65
âœ° EUROPE - Â£9.20

ğŸ¸ Sales are final! ğŸ¸","M","Â£26.00","=""-""","=""-""","=""-""","Â£2.60","=""-""","=""-""","=""-""","=""-""","STRIPE","T-shirts","GB","=""-""","=""-""","=""-""","N/A","N/A"
"01/03/2023","2:46 AM","28/02/2023","Yes","miwawaa","N/A","Zip up knit hoodie 

Gorpcore 2000s knit hoodie. Beige/cream colour. Features rib knit on sleeves hem and along hood and pocket edges. Some faint grey marks on hood and small mark just above pocket on right side. Otherwise great condition! 

âœ° Measurements
Label - no label fits S/M UK8/10/12
Length - 20â€
Shoulder to shoulder - 13â€
Pit to pit - 16.5â€
Sleeve from pit - 19â€
XS/S mannequin. 

âœ° 2+ items for free UK shipping!!
âœ° USA - Â£19.80
âœ° EUROPE - Â£11.12

ğŸ¸ Sales are final! ğŸ¸","S","Â£35.00","=""-""","=""-""","=""-""","Â£3.50","=""-""","=""-""","=""-""","=""-""","STRIPE","Sweaters","GB","=""-""","=""-""","=""-""","N/A","N/A"
"01/03/2023","10:02 PM","28/02/2023","No","imaan_123","Esprit","Esprit Rib knit zip jumper 

2000s esprit double zip jumper. Features collar which can be zipped up or lay across shoulders. Excellent condition!

âœ° Measurements
Label - XS/S fits UK6/8/10
Length - 22â€
Pit to pit - 15â€
Sleeve from neck - 27.5â€
Sleeve from pit - 17.5â€
XS/S mannequin. 

âœ° 2+ items for free UK shipping!!
âœ° USA - Â£20
âœ° EUROPE - Â£13.62

ğŸ¸ Sales are final! ğŸ¸","S","Â£60.00","Â£20.00","Â£84.65","Â£0.00","Â£8.00","Â£2.75","=""-""","Â£1.79","Â£8.96","STRIPE","Sweaters","US",,"Â£4.65",,"N/A","N/A"
"02/03/2023","9:22 AM","07/01/2023","Yes","ssserenambroseellis","N/A","00s asymmetric top

90s 00s pinstripe sleeve tee. Black is quite thin cotton grey panels are a thicker fabric. Features graphic text design on front with contrasting stitching and fabrics. Slight piling around armpits and back. Otherwise great condition!

âœ° Measurements
Label - S fits UK8-10
Length - 23.5â€
Pit to pit - 14.75â€
Shoulder to shoulder - 14â€
Sleeve - 26â€
XS/S mannequin. 

âœ° 2+ items for free UK shipping!!
âœ° USA - Â£10.65
âœ° EUROPE - Â£9.20

ğŸ¦‹ Sales are final! ğŸ¦‹","S","Â£22.00","Â£0.00","Â£87.00","Â£0.00","Â£2.20","Â£0.00","=""-""","Â£0.37","Â£1.83","PAYPAL","T-shirts","GB",,,,"N/A","N/A"
"02/03/2023","9:22 AM","28/02/2023","Yes","ssserenambroseellis","N/A","Gorpcore lightweight jacket

2000s lightweight corduroy/knit jacket. Features corduroy with print. Contrast rib knit sleeves collar and back. Excellent condition!

âœ° Measurements
Label - 2 fits S/M UK8/10/12
Length - 22â€
Shoulder to shoulder - 14â€
Pit to pit - 16â€
Sleeve from pit - 18â€
XS/S mannequin. 

âœ° 2+ items for free UK shipping!!
âœ° USA - Â£20
âœ° EUROPE - Â£13.62

ğŸ¸ Sales are final! ğŸ¸","S","Â£65.00","=""-""","=""-""","=""-""","Â£6.50","=""-""","=""-""","=""-""","=""-""","PAYPAL","Outerwear","GB","=""-""","=""-""","=""-""","N/A","N/A"
"04/03/2023","3:37 PM","07/02/2023","Yes","roxiegomess","N/A","Gorpcore zip up sweater 

Vintage 2000s red zip up turtleneck jumper. Features rib knit on hem collar and cuffs. Excellent condition! 

âœ° Measurements
Label - UK12 fits M/L
Length - 22.5â€
Pit to pit - 15.5â€
Sleeve from neck - 27â€
60% Cotton 40% Acrylic
XS/S mannequin. (Pinned to fit)

âœ° 2+ items for free UK shipping!!
âœ° USA - Â£20
âœ° EUROPE - Â£12.15

ğŸ¸ Sales are final! ğŸ¸","12","Â£48.00","Â£0.00","Â£73.00","Â£0.00","Â£4.80","Â£2.42","=""-""","Â£1.20","Â£6.02","STRIPE","Sweaters","GB",,,,"N/A","N/A"
"04/03/2023","3:37 PM","28/02/2023","Yes","roxiegomess","N/A","Khaki asymmetric graphic tshirt 

Gorpcore khaki green tshirt. Features abstract print all over front! Excellent condition! 

âœ° Measurements
Label - 2 fits M UK10/12
Length - 23.5â€
Shoulder to shoulder - 15â€
Pit to pit - 17.5â€
Sleeve from pit - 1.25â€
XS/S mannequin. (Pinned)

âœ° 2+ items for free UK shipping!!
âœ° USA - Â£10.65
âœ° EUROPE - Â£9.20

ğŸ¸ Sales are final! ğŸ¸","M","Â£25.00","=""-""","=""-""","=""-""","Â£2.50","=""-""","=""-""","=""-""","=""-""","STRIPE","T-shirts","GB","=""-""","=""-""","=""-""","N/A","N/A"
"04/03/2023","7:36 PM","02/02/2023","No","kiskismyau","Diesel","2000s Diesel tshirt 

Gorpcore vintage Diesel tshirt. Rusty brown colour with pink screen print â€™Dâ€™. Print cracking due to age. Otherwise excellent condition! 

âœ° Measurements
Label - M Fits S UK8-10
Length - 20""
Pit to pit - 15.5""
Shoulder to shoulder - 13""
Sleeve from pit - 2""
XS/S mannequin. 

âœ° 2+ items for free UK shipping!!
âœ° USA - Â£9.75
âœ° EUROPE - Â£8.75

ğŸ¸ Sales are final! ğŸ¸","M","Â£35.00","Â£3.95","Â£38.95","Â£0.00","Â£3.90","Â£1.43","=""-""","Â£0.89","Â£4.44","STRIPE","T-shirts","GB",,,,"N/A","N/A"
"05/03/2023","10:23 AM","05/10/2022","No","wearitwithasmile","N/A","Late 90s mesh maxi dress

90s 00s two layered mesh dress. Print design all over mesh black cotton under layer excellent condition! 

âœ° Measurements
Label - No size fits S/M UK8-12
Length - 51â€
Pit to pit - 15.5â€
Waist - 13â€ (very stretchy)
Shoulder - 3.5â€
Sleeve - 22â€
XS/S mannequin. 

âœ° 2nd class shipping 2+ items free UK shipping
âœ° Please ask for international shipping!  
âœ° USA - Â£20 shipping covers up to 3 items

ğŸ¦‹ Sales are final! ğŸ¦‹","S","Â£41.00","Â£4.45","Â£45.45","Â£0.00","Â£4.54","Â£1.62","=""-""","Â£1.03","Â£5.13","STRIPE","Dresses","GB",,,,"N/A","N/A"
"05/03/2023","7:42 PM","27/02/2023","No","bethhollie_","Other","Gorpcore asymmetric zip jumper

Khaki jumper featuring neon asymmetric zips on front and sleeves. Rib knit details on sleeves hem and collar. Excellent condition!

âœ° Measurements
Label - 2 fits M/L UK10/12/14
Length - 22â€
Shoulder to shoulder - roughly 16â€
Pit to pit - 17.5â€
Sleeve from pit - 17.5â€
XS/S mannequin. (Pinned to fit)

âœ° 2+ items for free UK shipping!!
âœ° USA - Â£19.80
âœ° EUROPE - Â£11.12

ğŸ¸ Sales are final! ğŸ¸","M","Â£42.00","Â£3.95","Â£45.95","Â£0.00","Â£4.60","Â£1.63","=""-""","Â£1.04","Â£5.19","STRIPE","Sweaters","GB",,,,"N/A","N/A"
"06/03/2023","12:55 AM","21/02/2023","No","miaxin","N/A","00s racing vest

Black racing tank top features silver and red rhinestones. Excellent condition! 

âœ° Measurements
Label - 2 fits S/M UK8/10/12
Length - 21.5â€
Pit to pit - 15â€
XS/S mannequin. 

âœ° 2+ items for free UK shipping!!
âœ° USA - Â£9.75
âœ° EUROPE - Â£8.75

ğŸ¸ Sales are final! ğŸ¸
FC406","M","Â£23.00","Â£3.05","Â£26.05","Â£0.00","Â£2.60","Â£1.06","=""-""","Â£0.61","Â£3.05","STRIPE","Tank tops","GB",,,,"N/A","N/A"
"07/03/2023","7:48 AM","21/06/2022","Yes","dochogg","Morgan De Toi","Morgan de Toi swimsuit

00s 90s swimsuit. beaded leather straps on the top and bottoms have plastic hoops either side. One hoop has been stuck back together as shown and some staining on crotch. Otherwise in good condition!

âœ® 2nd class shipping 1st class available (+Â£2)
âœ® Please ask for international shipping!  
âœ® USA - Â£20 shipping covers up to 3 items!

âœ® Sizing
Label - U.K. 10
Shown on a Small mannequin. 

â™¡ Sales are final! â™¡
#morgandetoi #y2k #00s #90s #summer","UK 10","Â£10.50","Â£0.00","Â£35.50","Â£0.00","Â£1.05","Â£1.33","=""-""","Â£0.40","Â£1.98","STRIPE","Swimwear","GB",,,,"N/A","N/A"
"07/03/2023","7:48 AM","21/02/2023","Yes","dochogg","N/A","00s racing vest

Black racing tank top features silver and red rhinestones. Missing a few silver gems otherwise Excellent condition! 

âœ° Measurements
Label - 2 fits S/M UK8/10/12
Length - 21â€
Pit to pit - 14.5â€
XS/S mannequin. 

âœ° 2+ items for free UK shipping!!
âœ° USA - Â£9.75
âœ° EUROPE - Â£8.75

ğŸ¸ Sales are final! ğŸ¸
FC407","M","Â£25.00","=""-""","=""-""","=""-""","Â£2.50","=""-""","=""-""","=""-""","=""-""","STRIPE","Tank tops","GB","=""-""","=""-""","=""-""","N/A","N/A"
"08/03/2023","11:54 AM","28/02/2023","No","dollsoftheeast","N/A","Gorpcore khaki teddy tshirt 

2000s teddy bear tshirt. Features lighter green teddy silhouette with writing print. Excellent condition! 

âœ° Measurements
Label - 2 fits M UK10/12
Length - 21â€
Shoulder to shoulder - 13â€
Pit to pit - 17â€
Sleeve from pit - 1â€
XS/S mannequin. (Pinned)

âœ° 2+ items for free UK shipping!!
âœ° USA - Â£10.65
âœ° EUROPE - Â£9.20

ğŸ¸ Sales are final! ğŸ¸","M","Â£28.00","Â£3.05","Â£31.05","Â£0.00","Â£3.10","Â£1.20","=""-""","Â£0.72","Â£3.58","STRIPE","T-shirts","GB",,,,"N/A","N/A"
"08/03/2023","4:50 PM","08/11/2022","No","minjycloset","Diesel","90s y2k Diesel biker jacket 

Light grey coloured vintage Diesel biker features embroidered writing across shoulders nice collar design with lots of interesting panels. Excellent condition!

âœ° Measurements
Label - M
Length - 23â€
Shoulder - 3.5â€
Sleeve - 26.5â€
Pit to pit - 18â€
XS/S mannequin. (Pinned to fit)

âœ° 2+ items for free UK shipping!!
âœ° USA - Â£25
âœ° EUROPE - Â£16

ğŸ¦‹ Sales are final! ğŸ¦‹","M","Â£102.00","Â£15.00","Â£117.00","Â£0.00","Â£11.70","Â£3.69","=""-""","Â£2.56","Â£12.83","STRIPE","Outerwear","CA",,,,"Â£5.00","Â£0.66"
"08/03/2023","6:07 PM","27/02/2023","No","deadlypapilio","N/A","Gorpcore rib knit jumper 

Light khaki double zip jumper. Features rib knit design with zip up collar darker khaki detail on inside edge. Excellent condition!

âœ° Measurements
Label - 2 Fits M/L UK10/12/14
Length - 20â€
Pit to pit - 17.5â€
Sleeve from pit - 19â€
Sleeve from neck - 27â€
XS/S mannequin. 

âœ° 2+ items for free UK shipping!!
âœ° USA - Â£19.80
âœ° EUROPE - Â£11.12

ğŸ¸ Sales are final! ğŸ¸","M","Â£45.00","Â£3.95","Â£48.95","Â£0.00","Â£4.90","Â£1.72","=""-""","Â£1.10","Â£5.52","STRIPE","Sweaters","GB",,,,"N/A","N/A"
"09/03/2023","8:12 PM","21/02/2023","No","nanilmx","N/A","Gorpcore khaki sling bag

Cross body khaki backpack. Features one large compartment on the back and one small Velcro pocket on strap. Strap fastens via Velcro strips. Excellent condition! 

âœ° Measurements
Width - 14.5/15â€
Height - 21â€
Opening- 10.75â€
Strap pocket - 2.5x5â€
XS/S mannequin. 

âœ° 2+ items for free UK shipping!!
âœ° USA - Â£19.80
âœ° EUROPE - Â£11.12

ğŸ¸ Sales are final! ğŸ¸
FA30",,"Â£42.00","Â£19.80","Â£73.54","Â£0.00","Â£6.18","Â£0.00","=""-""","Â£1.03","Â£5.15","PAYPAL","Bags & Purses","DE","Â£11.74",,,"N/A","N/A"
"10/03/2023","12:50 AM","28/02/2023","No","katythrop","N/A","Asymmetric graphic tshirt 

2000s asymmetrical brown tshirt. Features lighter writing print all over front with contrast stitching details. Lettuce hem sleeves! Excellent condition! 

âœ° Measurements
Label - 1 fits XS/S UK6/8
Length - 21â€
Shoulder to shoulder - 13.5â€
Pit to pit - 15.75â€
Sleeve from pit - 1â€
XS/S mannequin. 

âœ° 2+ items for free UK shipping!!
âœ° USA - Â£10.65
âœ° EUROPE - Â£9.20

ğŸ¸ Sales are final! ğŸ¸","XS","Â£26.00","Â£3.05","Â£29.05","Â£0.00","Â£2.90","Â£1.14","=""-""","Â£0.67","Â£3.37","STRIPE","T-shirts","GB",,,,"N/A","N/A"
"10/03/2023","2:12 PM","21/09/2022","No","nadirah1997","N/A","00s black cargo shirt

Vintage 2000s black shirt with three-quarter length sleeves and cargo detailing on the front. Features ties on the back and cuffs. Excellent condition!

âœ° Measurements
Label - M fits UK10-12
Length - 21â€
Pit to pit - 17.5â€
Shoulder - 5â€
Sleeve - 15.5â€
XS/S mannequin. (Pinned to display fit)

âœ° 2nd class shipping 2+ items free UK shipping
âœ° Please ask for international shipping!  
âœ° USA - Â£20 shipping covers up to 3 items

ğŸ¦‹ Sales are final! ğŸ¦‹","M","Â£30.00","Â£20.00","Â£50.00","Â£0.00","Â£5.00","Â£1.75","=""-""","Â£1.13","Â£5.62","STRIPE","Shirts","US",,,,"Â£9.35","Â£1.26"
"12/03/2023","9:35 PM","21/02/2023","No","annie__rose","N/A","Alpinestars khaki tank

Khaki rib knit vest features neon orange logo printed around top eyelet detail on front. Excellent condition! 

âœ° Measurements
Label - S fits XS/S UK6/8/10
Length - 21.5â€
Pit to pit - 11.5â€ (stretchy)
XS/S mannequin. 

âœ° 2+ items for free UK shipping!!
âœ° USA - Â£9.75
âœ° EUROPE - Â£8.75

ğŸ¸ Sales are final! ğŸ¸
FC408","S","Â£30.00","Â£3.05","Â£33.05","Â£0.00","Â£3.30","Â£1.26","=""-""","Â£0.76","Â£3.80","STRIPE","Tank tops","GB",,,,"N/A","N/A"
"15/03/2023","1:41 PM","10/02/2023","No","lanagreene9","Diesel","Diesel cross body bag

Vintage Diesel bag khaki green colour adjustable strap nice diesel branded metal details. 3 main compartments and one small inner pocket. Excellent condition! 

âœ° Measurements
Width - 11â€
Height - 12â€
Opening - 10.25â€
XS/S mannequin. 

âœ° 2+ items for free UK shipping!!
âœ° USA - Â£20
âœ° EUROPE - Â£12

ğŸ¦‹ Sales are final! ğŸ¦‹
#gorpcore #utility #diesel",,"Â£79.00","Â£4.71","Â£83.71","Â£0.00","Â£8.37","Â£0.00","=""-""","Â£1.39","Â£6.98","PAYPAL","Bags & Purses","GB",,,,"N/A","N/A"
"15/03/2023","11:42 PM","27/02/2023","No","heartknit","Esprit","Edc gorpcore V-neck jumper

Edc by esprit grey rib knit jumper. Features cross over rib details on front and sleeves wide v-neck. Tiny repair on right arm by cross otherwise great condition!

âœ° Measurements
Label - XS Fits UK6/8
Length - 20â€
Shoulder to shoulder - 12â€ (stretchy)
Pit to pit - 13.5â€
Sleeve from pit - 18â€
XS/S mannequin. 

âœ° 2+ items for free UK shipping!!
âœ° USA - Â£14.40
âœ° EUROPE - Â£9.70

ğŸ¸ Sales are final! ğŸ¸","XS","Â£40.00","Â£14.40","Â£58.89","Â£0.00","Â£5.44","Â£2.01","=""-""","Â£1.24","Â£6.21","STRIPE","Sweaters","US",,"Â£4.49",,"N/A","N/A"
"17/03/2023","9:28 AM","07/01/2023","No","day_man","N/A","00s denim midi skirt 

Y2k 2000s asymmetric denim skirt. Features little strap which fastens at side of skirt. Excellent condition!

âœ° Measurements
Label - no size fits S UK8-10
Length - 23.25â€
Waist - 30â€
XS/S mannequin. 

âœ° 2+ items for free UK shipping!!
âœ° USA - Â£13.15
âœ° EUROPE - Â£11.70

ğŸ° Sales are final! ğŸ°","S","Â£30.00","Â£3.95","Â£33.95","Â£0.00","Â£3.40","Â£0.00","=""-""","Â£0.57","Â£2.83","PAYPAL","Skirts","GB",,,,"N/A","N/A"
"18/03/2023","8:43 AM","22/10/2022","No","libbyjxnes","N/A","00s y2k baby tee 

Y2k 2000s tshirt with graphic orange/black/red screen print. Good quality cotton chunky hem short sleeves. Excellent condition! 

âœ° Measurements
Label - 1 fits S UK8-10
Length - 21.5â€
Pit to pit - 14.75â€
Shoulder - 3â€
Sleeve - 5â€
XS/S mannequin. 

âœ° 2nd class shipping 2+ items free UK shipping
âœ° Please ask for international shipping!  
âœ° USA - Â£20 shipping covers up to 3 items

ğŸ¦‹ Sales are final! ğŸ¦‹","S","Â£25.00","Â£3.15","Â£28.15","Â£0.00","Â£2.82","Â£1.12","=""-""","Â£0.66","Â£3.28","STRIPE","T-shirts","GB",,,,"N/A","N/A"
"18/03/2023","10:55 PM","21/09/2022","No","tia100","N/A","00s cargo vest top

Vintage 2000s cargo vest features contrasting fabrics and pearl buttons on front. Excellent condition!

âœ° Measurements
Label - S fits UK8-10
Length - 17â€
Pit to pit - 15.5â€
XS/S mannequin. 

âœ° 2nd class shipping 2+ items free UK shipping
âœ° Please ask for international shipping!  
âœ° USA - Â£20 shipping covers up to 3 items

ğŸ¦‹ Sales are final! ğŸ¦‹","S","Â£17.00","Â£3.15","Â£20.15","Â£0.00","Â£2.02","Â£0.88","=""-""","Â£0.48","Â£2.42","STRIPE","Tank tops","GB",,,,"N/A","N/A"
"19/03/2023","9:35 PM","21/02/2023","No","dollsoftheeast","N/A","edc long sleeve top

Edc by Esprit black long sleeve. Features peacock embroidery across shoulder and adjustable drawstrings along neckline nice metal puller detail on end of cords. Excellent condition!

âœ°  Measurements
Label - S fits S/M UK8/10/12
Length - 23â€
Shoulder to shoulder - 12.5â€
Pit to pit - 16.5â€
Sleeve from pit - 1â€
XS/S mannequin. 

âœ° 2+ items for free UK shipping!!
âœ° USA - Â£9.75
âœ° EUROPE - Â£8.75

ğŸ¸ Sales are final! ğŸ¸
FC416","S","Â£26.00","Â£3.05","Â£29.05","Â£0.00","Â£2.90","Â£1.14","=""-""","Â£0.67","Â£3.37","STRIPE","T-shirts","GB",,,,"N/A","N/A"
"21/03/2023","2:32 PM","28/02/2023","No","megarms","N/A","Graphic print gorpcore tshirt 

Maroon/Burgundy T-shirt with light blue screen print across front. Excellent condition! 

âœ° Measurements
Label - no size fits XS/S UK6/8/10
Length - 21.5â€
Shoulder to shoulder - 13â€
Pit to pit - 15.5â€
Sleeve from pit - 1â€
XS/S mannequin. 

âœ° 2+ items for free UK shipping!!
âœ° USA - Â£10.65
âœ° EUROPE - Â£9.20

ğŸ¸ Sales are final! ğŸ¸","S","Â£26.00","Â£3.05","Â£29.05","Â£0.00","Â£2.90","Â£1.14","=""-""","Â£0.67","Â£3.37","STRIPE","T-shirts","GB",,,,"N/A","N/A"
"23/03/2023","8:01 AM","07/01/2023","No","azizaxblue","Esprit","EDC cargo jacket

Y2k 00s zip up jacket by edc esprit. Features brown rope toggles flower prints and arm patches!Excellent condition!

âœ° Measurements
Label - Youth small fits XS-S UK6-10
Length - 20.5â€
Pit to pit - 16.75â€
Shoulder to shoulder - 13.5â€
Sleeve from pit - 16.5â€
XS/S mannequin. 

âœ° 2+ items for free UK shipping!!
âœ° USA - Â£20
âœ° EUROPE - Â£12.15

ğŸ¦‹ Sales are final! ğŸ¦‹","M","Â£35.00","Â£3.95","Â£38.95","Â£0.00","Â£3.90","Â£1.43","=""-""","Â£0.89","Â£4.44","STRIPE","Outerwear","GB",,,,"N/A","N/A"
"25/03/2023","1:44 PM","28/12/2022","No","**ANONYMIZED_24803315**","N/A","**ANONYMIZED**","L","Â£23.00","Â£3.05","Â£26.05","Â£0.00","Â£2.60","Â£1.06","=""-""","Â£0.61","Â£3.05","STRIPE","T-shirts","**ANONYMIZED**",,,,"N/A","N/A"
"25/03/2023","11:37 PM","21/09/2022","No","geozadfrack","Esprit","EDC esprit cargo shirt

Vintage 2000s beige esprit cargo shirt. 3/4 length sleeves with cargo details on chest and shoulders. Excellent condition!

âœ° Measurements
Label - UK8 fits s-m UK8-12
Length - 23â€
Pit to pit - 18.5â€
Shoulder - 5.5â€
Sleeve - 17.5â€
XS/S mannequin. 

âœ° 2nd class shipping 2+ items free UK shipping
âœ° Please ask for international shipping!  
âœ° USA - Â£20 shipping covers up to 3 items

ğŸ¦‹ Sales are final! ğŸ¦‹","8","Â£32.00","Â£4.45","Â£36.45","Â£0.00","Â£3.64","Â£1.36","=""-""","Â£0.83","Â£4.17","STRIPE","Shirts","GB",,,,"N/A","N/A"
"27/03/2023","8:13 PM","02/02/2023","No","mel8ka","Diesel","Diesel kitten heels

Gorpcore vintage Diesel heels. Features bright green mesh upper with a brown leather trim and yellow stripe. Eyelet details in leather. Light signs of use (heel tips are worn donâ€™t need replacing yet).  overall excellent vintage condition! 

Comes with plain replacement shoe box. 

âœ° Measurements
Label - UK5.5 US7.5 EU38
Widest point of sole - 8.5cm
Heel to tip - 27cm
Heel height - 2.75â€

âœ° UK - 1pm Next Day
âœ° USA - Â£27.95
âœ° EUROPE - Â£15.61

ğŸ¸ Sales are final! ğŸ¸","UK 5.5","Â£140.00","Â£8.45","Â£148.45","Â£0.00","Â£14.84","Â£4.61","=""-""","Â£3.24","Â£16.21","STRIPE","Shoes","GB",,,,"N/A","N/A"
"28/03/2023","8:20 PM","04/11/2022","No","sealsk","N/A","Cargo khaki dress

Gorpcore 00s mini dress with little pocket on the front. Khaki cotton nice back detail. Excellent condition!

âœ° Measurements
Label - 36 fits S UK8-10
Length - 27â€
Waist - 13.5â€
Pit to pit - 15.5â€
XS/S mannequin. 

âœ° 2+ items for free UK shipping!!
âœ° USA- Â£15 (Â£20 covers 3 items)
âœ° EUROPE- Â£12 (covers 3 items)","S","Â£36.00","Â£4.45","Â£40.45","Â£0.00","Â£4.04","Â£1.47","=""-""","Â£0.92","Â£4.59","STRIPE","Dresses","GB",,,,"N/A","N/A"
"31/03/2023","8:22 AM","06/02/2023","No","baileykinley","N/A","00s rib knit jumper

Gorpcore 2000s red jumper. Features branded loop on arm. Think itâ€™s a menâ€™s size good for baggy oversized fit excellent condition! 

âœ° Measurements
Label - M (mens) would fit baggy womenâ€™s L/XL
Length - 25""
Pit to pit - 19.5""
Shoulder to shoulder - 18""
Sleeve from pit - 20""
XS/S mannequin. 

âœ° 2+ items for free UK shipping!!
âœ° USA - Â£20
âœ° EUROPE - Â£12

ğŸ¸ Sales are final! ğŸ¸","M","Â£38.00","Â£3.95","Â£41.95","Â£0.00","Â£4.20","Â£1.52","=""-""","Â£0.95","Â£4.77","STRIPE","Sweaters","GB",,,,"N/A","N/A"
"03/04/2023","8:15 PM","07/01/2023","No","kooyoi","N/A","00s v neck graphic tee 

Y2k 2000s graphic print tshirt. Features grey text screen print and contrast silvery grey stitching. Fabric is slightly off white colour. Great condition! 

âœ° Measurements
Label - 2 fits S-M UK8-12
Length - 21.5â€
Pit to pit - 17â€
Shoulder to shoulder - 13.5â€
Sleeve from pit - 1â€
XS/S mannequin. (Pinned)

âœ° 2+ items for free UK shipping!!
âœ° USA - Â£10.65
âœ° EUROPE - Â£9.20

ğŸ° Sales are final! ğŸ°","M","Â£25.00","Â£3.05","Â£28.05","Â£0.00","Â£2.80","Â£1.11","=""-""","Â£0.65","Â£3.26","STRIPE","T-shirts","GB",,,,"N/A","N/A"
"04/04/2023","11:55 AM","01/01/2023","Yes","skeezydunit","Esprit","Edc cargo dress 

00s y2k gorpcore edc by esprit cargo dress. Features button down opening at front pockets on chest bum and sides. Screen print above right pocket and adjustable sleeves. Excellent condition! 

âœ° Measurements
Label - 32 fits S UK8-10
Length - 31.5â€
Waist - 15â€
Pit to pit - 16.5â€
Shoulder to shoulder - 14.25â€
Sleeve from pit - 3.5â€ (adjustable)
XS/S mannequin. 

âœ° 2+ items for free UK shipping!!
âœ° USA - Â£19.80
âœ° EUROPE - Â£11.20

ğŸ¦‹ Sales are final! ğŸ¦‹","S","Â£45.00","Â£20.00","Â£123.50","Â£0.00","Â£5.50","Â£3.88","=""-""","Â£1.56","Â£7.82","STRIPE","Dresses","US",,,,"N/A","N/A"
"04/04/2023","11:55 AM","08/02/2023","Yes","skeezydunit","Esprit","Gorpcore EDC Cargo dress

2000s esprit cargo mini dress. Straps on shoulders/sleeves adjustable at waist. Nice cargo pocket details. Detachable hood! Excellent condition!

âœ° Measurements
Label - 32 fits S/M UK8/10/12
Waist - 15â€
Length - 31.75â€
Pit to pit - 16.5â€
Shoulder to Shoulder - 15â€
Sleeve from pit - 3â€ rolled (unrolled 5â€)
XS/S mannequin. (Pinned to fit)

âœ° 2+ items free UK shipping!!
âœ° EU - Â£14.65
âœ° USA - Â£20

ğŸ¸ Sales are final! ğŸ¸","S","Â£58.50","=""-""","=""-""","=""-""","Â£6.85","=""-""","=""-""","=""-""","=""-""","STRIPE","Dresses","US","=""-""","=""-""","=""-""","N/A","N/A"
"04/04/2023","8:49 PM","21/09/2022","No","raejenbergin","N/A","00s cargo midi skirt

2000s cargo skirt. Features buckled cargo pocket and asymmetric panelling with ruffle detail around the hem. Excellent condition!

âœ° Measurements
Label - FR38 M fits UK10-12
Length - 23â€
Waist - 14/14.5â€
XS/S mannequin. 

âœ° 2nd class shipping 2+ items free UK shipping
âœ° Please ask for international shipping!  
âœ° USA - Â£20 shipping covers up to 3 items

ğŸ¦‹ Sales are final! ğŸ¦‹","M","Â£36.00","Â£4.45","Â£40.45","Â£0.00","Â£4.04","Â£0.00","=""-""","Â£0.67","Â£3.37","PAYPAL","Skirts","GB",,,,"N/A","N/A"
"05/04/2023","12:35 AM","28/02/2023","No","janicdra","N/A","Gorpcore longsleeve khaki T-shirt

2000s longsleeve top. Khaki cotton with footsteps graphic across front. Fabric is piling and screen print cracked on a few footprints. Otherwise good condition!

âœ° Measurements
Label - 2 fits M UK10/12
Length - 22â€
Shoulder to shoulder - 13â€
Pit to pit - 17.5â€
Sleeve from pit - 18.5â€
XS/S mannequin. (Pinned)

âœ° 2+ items for free UK shipping!!
âœ° USA - Â£10.65
âœ° EUROPE - Â£9.20

ğŸ¸ Sales are final! ğŸ¸","M","Â£18.00","Â£3.95","Â£21.95","Â£0.00","Â£2.20","Â£0.94","=""-""","Â£0.52","Â£2.62","STRIPE","T-shirts","GB",,,,"N/A","N/A"
"10/04/2023","9:44 AM","27/02/2023","No","rebeconf","N/A","Gorpcore zip up jumper. Grey knit featuring pocket flap details on front and sleeve buttoned epaulets metal clip by hem double zip! Excellent condition! 

âœ° Measurements
Label - S Fits S/M UK8/10/12
Length - 22â€
Shoulder to shoulder - 14.5â€
Pit to pit - 16.75â€
Sleeve from pit - 16.5â€
XS/S mannequin. 

âœ° 2+ items for free UK shipping!!
âœ° USA - Â£19.80
âœ° EUROPE - Â£11.12

ğŸ¸ Sales are final! ğŸ¸","S","Â£46.00","Â£3.95","Â£49.95","Â£0.00","Â£5.00","Â£1.75","=""-""","Â£1.13","Â£5.62","STRIPE","Sweaters","GB",,,,"N/A","N/A"
"10/04/2023","5:28 PM","27/02/2023","No","mabelmcginley","Esprit","Edc zip up sweater

Lightweight gorpcore edc jacket. Features ribbed cuffs and hem chunky rib knit collar which zips up or sits on shoulders. Brown velvet tape along inside zipper edge. Excellent condition!

âœ° Measurements
Label - XS fits XS/S UK6/8/10
Length - 22â€
Pit to pit - 16.5â€
Sleeve from neck - 28â€
Sleeve from pit - 20â€
XS/S mannequin. 

âœ° 2+ items for free UK shipping!!
âœ° USA - Â£19.80
âœ° EUROPE - Â£11.12

ğŸ¸ Sales are final! ğŸ¸","S","Â£42.00","Â£4.71","Â£46.71","Â£0.00","Â£4.67","Â£1.65","=""-""","Â£1.05","Â£5.27","STRIPE","Outerwear","GB",,,,"N/A","N/A"
"14/04/2023","4:41 AM","01/01/2023","No","_piscesrising_theorem","Esprit","Edc khaki cargo dress 

00s y2k gorpcore edc by esprit cargo dress. Features button down opening at front pockets on chest and bum. Adjustable straps on waist and sleeves. Excellent condition! 

âœ° Measurements
Label - 34 fits S UK8-10
Length - 32â€
Waist - 15.25â€
Pit to pit - 16.5â€
Shoulder to shoulder - 14â€
Sleeve from pit - 5â€ (shortens to 3.5â€)
XS/S mannequin. 

âœ° 2+ items for free UK shipping!!
âœ° USA - Â£19.80
âœ° EUROPE - Â£11.20

ğŸ¦‹ Sales are final! ğŸ¦‹","S","Â£48.00","Â£3.95","Â£51.95","Â£0.00","Â£5.20","Â£1.81","=""-""","Â£1.17","Â£5.84","STRIPE","Dresses","GB",,,,"N/A","N/A"
"16/04/2023","7:26 AM","05/02/2023","Yes","dollsoftheeast","N/A","00s gorpcore graphic shirt

Lightweight lime green cotton shirt. Features dark green abstract screen print. Excellent condition!

âœ° Measurements
Label - no size fits L/XL UK12-16
Length - 25.5â€
Pit to pit - 19.5â€
Shoulder - 5â€
Sleeve - 24.5â€
XS/S mannequin. (Pinned to fit)

âœ° 2+ items for free UK shipping!!
âœ° USA - Â£9.75
âœ° EUROPE - Â£8.75

ğŸ¸ Sales are final! ğŸ¸","L","Â£36.00","Â£0.00","Â£62.00","Â£0.00","Â£3.60","Â£2.10","=""-""","Â£0.95","Â£4.75","STRIPE","Shirts","GB",,,,"N/A","N/A"
"16/04/2023","7:26 AM","15/04/2023","Yes","dollsoftheeast","Esprit","EDC pink graphic tee

Edc by esprit light pink tshirt. Features darker pink print across front. Excellent condition!

âœ° Measurements
Label - S fits S/M UK8/10
Length - 22""
Shoulder to shoulder - 13""
Pit to pit - 16.5""
Sleeve from pit - 1""
XS/S mannequin. 

âœ° 2+ items for free UK shipping!!
âœ° USA - Â£10.55
âœ° EUROPE - Â£8.85

ğŸ¸ Sales are final! ğŸ¸
FC466","S","Â£26.00","=""-""","=""-""","=""-""","Â£2.60","=""-""","=""-""","=""-""","=""-""","STRIPE","T-shirts","GB","=""-""","=""-""","=""-""","N/A","N/A"
"17/04/2023","9:35 AM","16/04/2023","No","simifw","N/A","Gorpcore khaki crossbody bag

2000s khaki canvas crossbody bag. Features flower design on front flap. Closes with Velcro strips. Inside is lined with khaki nylon one interior zip pocket. Adjustable strap. Very faint grey marks on top left of flap otherwise excellent condition!

âœ° Measurements
Width - 10â€
Height- 8.5â€
Main opening - 10.5â€
XS/S mannequin. 

âœ° 2+ items for free UK shipping!!
âœ° USA - Â£10.55
âœ° EUROPE - Â£8.85

ğŸ¸ Sales are final! ğŸ¸
FA34",,"Â£26.00","Â£2.70","Â£28.70","Â£0.00","Â£2.87","Â£1.13","=""-""","Â£0.67","Â£3.33","STRIPE","Bags & Purses","GB",,,,"N/A","N/A"
"18/04/2023","3:33 PM","15/04/2023","Yes","cibo666","N/A","Lulu teddy bear vest 

Lulu castagnette white cap sleeve vest. Features denim effect blue teddy bear with little raised dots  graphic on front. Excellent condition!

âœ° Measurements
Label - no size fits S/M UK8/10
Length - 19.5""
Shoulder to shoulder - 12""
Pit to pit - 15""
XS/S mannequin. 

âœ° 2+ items for free UK shipping!!
âœ° USA - Â£10.55
âœ° EUROPE - Â£8.85

ğŸ¸ Sales are final! ğŸ¸
FC476","S","Â£30.00","Â£10.68","Â£117.40","Â£0.00","Â£3.36","Â£0.00","=""-""","Â£0.56","Â£2.80","PAYPAL","Tank tops","GR","Â£22.72",,,"N/A","N/A"
"18/04/2023","3:33 PM","16/04/2023","Yes","cibo666","N/A","Gorpcore khaki teddy bear tee

2000s khaki tshirt. Featuring orange text screen print and a light khaki geometric patch on front. Chunky hem detail excellent condition!

âœ° Measurements
Label - 2 fits S/M UK8/10
Length - 19.75""
Shoulder to shoulder - 12.5""
Pit to pit - 16.5""
Sleeve from pit - 1""
XS/S mannequin. 

âœ° 2+ items for free UK shipping!!
âœ° USA - Â£10.55
âœ° EUROPE - Â£8.85

ğŸ¸ Sales are final! ğŸ¸
FC470","M","Â£26.00","=""-""","=""-""","=""-""","Â£2.96","=""-""","=""-""","=""-""","=""-""","PAYPAL","T-shirts","GR","=""-""","=""-""","=""-""","N/A","N/A"
"18/04/2023","3:33 PM","16/04/2023","Yes","cibo666","N/A","Lulu khaki teddy bear vest

2000s Lulu castagnette khaki vest. Featuring brown/beige/red print and embroidered teddy bear graphic on chest with text screen print â€˜No World War III pleaseâ€™. Dark green and red stitching detail around arm holes and hem. Excellent condition!

âœ° Measurements
Label - M fits S/M UK8/10/12
Length - 22""
Pit to pit - 15.25""
XS/S mannequin.

âœ° 2+ items for free UK shipping!!
âœ° USA - Â£10.55
âœ° EUROPE - Â£8.85

ğŸ¸ Sales are final! ğŸ¸
FC477","M","Â£28.00","=""-""","=""-""","=""-""","Â£3.16","=""-""","=""-""","=""-""","=""-""","PAYPAL","Tank tops","GR","=""-""","=""-""","=""-""","N/A","N/A"
"19/04/2023","8:48 PM","13/04/2023","No","elaksi","Replay","Replay backless halter top

Navy blue replay halter backless top with white velvety â€˜80â€™ across front. Features elastic red back straps and neck ties. Excellent condition!

âœ° Measurements
Label - no size fits XS/S UK6/8/10
Length - 15""
Pit to pit - stretchy around 14-15""
XS/S mannequin. 

âœ° 2+ items for free UK shipping!!
âœ° USA - Â£9.75
âœ° EUROPE - Â£8.75

ğŸ¸ Sales are final! ğŸ¸
FC480","S","Â£28.00","Â£2.70","Â£30.70","Â£0.00","Â£3.07","Â£1.19","=""-""","Â£0.71","Â£3.55","STRIPE","T-shirts","GB",,,,"N/A","N/A"
"20/04/2023","10:51 PM","13/04/2023","No","bobbyanna","N/A","Graphic print baby tee 

White vneck tshirt with grey tattoo style graphic across chest and shoulders. Slightly stretchy synthetic fabric. Excellent condition!

âœ° Measurements
Label - no size fits XXS/XS
Length - 18.5â€
Shoulder to shoulder - 12â€ (has some stretch)
Pit to pit - 14â€  
XS/S mannequin. 

âœ° 2+ items for free UK shipping!!
âœ° USA - Â£9.75
âœ° EUROPE - Â£8.75

ğŸ¸ Sales are final! ğŸ¸
FC458","XXS","Â£26.00","Â£2.70","Â£28.70","Â£0.00","Â£2.87","Â£1.13","=""-""","Â£0.67","Â£3.33","STRIPE","T-shirts","GB",,,,"N/A","N/A"
"21/04/2023","8:25 PM","16/04/2023","No","dazedconfused04","N/A","Gorpcore rib knit hoodie

00s zip up knit hoodie khaki and brown. Features zip closure at front zips on both sleeves. Excellent condition! 

âœ° Measurements
Label - 3 fits like S/M UK8/10/12
Length - 22.5""
Pit to pit - 14.75""
Sleeve from pit - 19.5""
Sleeve from neck - 27""
Composition - 100% cotton
XS/S mannequin. 

âœ° 2+ items for free UK shipping!!
âœ° USA - Â£18.50
âœ° EUROPE - Â£11.55

ğŸ¸ Sales are final! ğŸ¸
FC453","M","Â£55.00","Â£3.95","Â£58.95","Â£0.00","Â£5.90","Â£2.01","=""-""","Â£1.32","Â£6.59","STRIPE","Sweaters","GB",,,,"N/A","N/A"
"23/04/2023","1:30 PM","20/04/2023","No","leonincairo","N/A","Gorpcore rib knit hoodie

00s zip up knit hoodie khaki and brown. Features double zip closure at front zips on both sleeves. Excellent condition! 

âœ° Measurements
Label - 2 fits M/L UK10/12/14
Length - 20.5""
Pit to pit - 17.5""
Sleeve from pit - 20.5""
Sleeve from neck - 29.75""
XS/S mannequin. (Wearing same condition size S)

âœ° 2+ items for free UK shipping!!
âœ° USA - Â£18.50
âœ° EUROPE - Â£11.55

ğŸ¸ Sales are final! ğŸ¸
FC459","M","Â£50.00","Â£3.45","Â£53.45","Â£0.00","Â£5.34","Â£0.00","=""-""","Â£0.89","Â£4.45","PAYPAL","Hoodies","GB",,,,"N/A","N/A"
"23/04/2023","3:53 PM","21/04/2023","No","nvironanthaplusplus","N/A","Y2k zip up sweater

00s zip up lightweight jacket/sweater. Features contrast striped ribbed knit details on hem and collar. Green sleeves with yellow piping along sleeve seam. Excellent condition! 

âœ° Measurements
Label - M fits S/M UK8/10/12
Length - 19â€
Sleeve from neck - 26.5â€
Pit to pit - 18.5â€
Sleeve from pit - 19.5â€
XS/S mannequin. 

âœ° 2+ items for free UK shipping!!
âœ° USA - Â£18.50
âœ° EUROPE - Â£11.55

ğŸ¸ Sales are final! ğŸ¸
ZC9","M","Â£44.00","Â£3.45","Â£47.45","Â£0.00","Â£4.74","Â£1.68","=""-""","Â£1.07","Â£5.35","STRIPE","Outerwear","GB",,,,"N/A","N/A"
"24/04/2023","6:59 PM","13/04/2023","No","**ANONYMIZED_7942186**","Buffalo London","**ANONYMIZED**","S","Â£20.00","Â£2.70","Â£22.70","Â£0.00","Â£2.27","Â£0.96","=""-""","Â£0.54","Â£2.69","STRIPE","T-shirts","**ANONYMIZED**",,,,"N/A","N/A"
"25/04/2023","8:28 PM","14/04/2023","No","cercandogrunge","N/A","Gorpcore graphic tee

Y2k 00s graphic text khaki tshirt. Features screen print across front excellent condition! 

âœ° Measurements
Label - 3 fits M/L UK10/12/14
Length - 21â€
Shoulder to shoulder - 13.5â€
Pit to pit - 17â€
XS/S mannequin. (Pinned to fit)

âœ° 2+ items for free UK shipping!!
âœ° USA - Â£10.55
âœ° EUROPE - Â£8.85

ğŸ¸Sales are final!ğŸ¸
FC521","L","Â£24.00","Â£2.70","Â£26.70","Â£0.00","Â£2.67","Â£1.07","=""-""","Â£0.62","Â£3.12","STRIPE","T-shirts","GB",,,,"N/A","N/A"
"27/04/2023","1:13 PM","16/04/2023","No","silly4lilly","N/A","Gorpcore vneck khaki longsleeve 

Y2k khaki and light green longsleeve tee. Features flowers screen print across front. Contrast light green fabric and tie at side of hem Excellent condition!

âœ° Measurements
Label - 1 fits S UK6/8
Length - 20.5""
Shoulder to shoulder - 12""
Pit to pit - 15.5""
Sleeve from pit - 17.5""
XS/S mannequin. 

âœ° 2+ items for free UK shipping!!
âœ° USA - Â£10.55
âœ° EUROPE - Â£8.85

ğŸ¸ Sales are final! ğŸ¸
FC454","S","Â£26.00","Â£2.70","Â£28.70","Â£0.00","Â£2.87","Â£0.00","=""-""","Â£0.48","Â£2.39","PAYPAL","T-shirts","GB",,,,"N/A","N/A"
"27/04/2023","3:59 PM","20/04/2023","No","m3chamind","N/A","Tie dye gorpcore sweater 

00s gorp knit zip up jumper. Asymmetric Khaki/grey colour very soft lightweight knit. Featuring rib knit details on collar cuffs and hem! Excellent condition!

âœ° Measurements
Label - M fits M/L UK10/12
Length - 22.5""
Sleeve from neck - 27.5""
Sleeve from pit - 20.5""
Pit to pit - 17.5""
XS/S mannequin. (Pinned to fit)

âœ° 2+ items for free UK shipping!!
âœ° USA - Â£18.50
âœ° EUROPE - Â£11.55

ğŸ¸ Sales are final! ğŸ¸
FC506","M","Â£50.00","Â£3.45","Â£53.45","Â£0.00","Â£5.34","Â£1.85","=""-""","Â£1.20","Â£5.99","STRIPE","Sweaters","GB",,,,"N/A","N/A"
"27/04/2023","6:01 PM","20/04/2023","No","izzijana","N/A","Zip up graphic sweater

2000s black lightweight jacket/sweater. Features raw seam details with contrast stitching. Big Screen print on back with sewn down star patch. Little star patch on front. Excellent condition! 

âœ° Measurements
Label - M fits UK10/12
Length - 21.5â€
Shoulder to shoulder - 14.5â€
Pit to pit - 17.75â€
Sleeve from pit - 19â€
XS/S mannequin. (Pinned to fit)

âœ° 2+ items for free UK shipping!!
âœ° USA - Â£18.50
âœ° EUROPE - Â£11.55

ğŸ¸ Sales are final! ğŸ¸
ZC8","M","Â£48.00","Â£3.45","Â£51.45","Â£0.00","Â£5.14","Â£1.79","=""-""","Â£1.15","Â£5.78","STRIPE","Outerwear","GB",,,,"N/A","N/A"
"27/04/2023","6:50 PM","14/04/2023","No","sarjam7","Esprit","00s Esprit red tshirt 

2000s esprit red graphic tshirt. Features red/white embroidered flower on chest surrounded by print text. Contrast red/white gradient stitching details. Faint white marks on front visible in photos may come out with a re-dye otherwise great condition!

âœ° Measurements
Label - XS/S fits S best UK6/8/10
Length - 20.5""
Shoulder to shoulder - 14""
Pit to pit - 16""
XS/S mannequin. 

âœ° 2+ items for free UK shipping!!
âœ° USA - Â£10.55
âœ° EUROPE - Â£8.85

ğŸ¸ Sales are final! ğŸ¸
ZC21","S","Â£20.00","Â£2.70","Â£22.70","Â£0.00","Â£2.27","Â£0.96","=""-""","Â£0.54","Â£2.69","STRIPE","T-shirts","GB",,,,"N/A","N/A"
"27/04/2023","7:14 PM","15/04/2023","No","avaaxtelll","N/A","Gorpcore graphic tee

Y2k 00s graphic text khaki tshirt. Features screen print across front light piling on chest otherwise excellent condition! 

âœ° Measurements
Label - 2 fits S/M UK8/10
Length - 19.5""
Shoulder to shoulder - 12.5""
Pit to pit - 15.5""
Sleeve from pit - 1""
XS/S mannequin. 

âœ° 2+ items for free UK shipping!!
âœ° USA - Â£10.55
âœ° EUROPE - Â£8.85

ğŸ¸Sales are final!ğŸ¸
FC461","M","Â£26.00","Â£2.70","Â£28.70","Â£0.00","Â£2.87","Â£0.00","=""-""","Â£0.48","Â£2.39","PAYPAL","T-shirts","GB",,,,"N/A","N/A"
"01/05/2023","9:22 AM","21/04/2023","No","chloiss","Esprit","Esprit double zip jumper

00s Esprit black mini rib jumper. Features good quality double zipper down front with a leather zip puller. Quite a long fit excellent condition!

âœ° Measurements
Label - M fits UK10/12
Length - 24â€
Pit to pit - 16.5â€
Sleeve from neck - 29.5â€
Sleeve from pit - 20.5â€
XS/S mannequin. (Pinned to fit)

âœ° 2+ items for free UK shipping!!
âœ° USA - Â£18.50
âœ° EUROPE - Â£11.55

ğŸ¸ Sales are final! ğŸ¸
ZC30","M","Â£50.00","Â£0.00","Â£50.00","Â£0.00","Â£5.00","Â£1.75","=""-""","Â£1.13","Â£5.62","STRIPE","Sweaters","GB",,,,"N/A","N/A"
"01/05/2023","9:44 AM","20/04/2023","No","imanh001","N/A","00s khaki adjustable toggle jacket

Khaki zip up jacket with asymmetric details. Contrast orange features such as adjustable back and front toggles asymmetric zip! Excellent condition!

âœ° Measurements
Label - 2 fits M/L UK10/12/14
Length - 23.5â€ (un-elasticated)
Shoulder to shoulder - 16â€
Pit to pit - 18â€
Sleeve from pit - 18â€
XS/S mannequin. (Pinned to fit)

âœ° 2+ items for free UK shipping!!
âœ° USA - Â£18.50
âœ° EUROPE - Â£11.55

ğŸ¸ Sales are final! ğŸ¸
FC455","L","Â£50.00","Â£3.45","Â£53.45","Â£0.00","Â£5.34","Â£0.00","=""-""","Â£0.89","Â£4.45","PAYPAL","Outerwear","GB",,,,"N/A","N/A"
"01/05/2023","4:32 PM","28/01/2023","Yes","mollyrymnd_","N/A","Gorpcore khaki graphic T-shirt

Light khaki colour with darker print and green text. Excellent condition!

âœ° Measurements
Label - 1 fits S UK8
Length - 21â€
Pit to pit - 15.5â€
Shoulder to shoulder - 12â€
Sleeve from pit - 1â€
XS/S mannequin. 

âœ° 2+ items for free UK shipping!!
âœ° USA - Â£9.75
âœ° EUROPE - Â£8.75

ğŸ¦‹ Sales are final! ğŸ¦‹","S","Â£26.00","Â£0.00","Â£50.00","Â£0.00","Â£2.60","Â£1.75","=""-""","Â£0.72","Â£3.63","STRIPE","T-shirts","GB",,,,"N/A","N/A"
"01/05/2023","4:32 PM","02/02/2023","Yes","mollyrymnd_","N/A","Gorpcore black baby tee

Vintage 00s black T-shirt with screen print on front. Reads â€˜space robotâ€™. Print a little cracked due to age otherwise great condition! 

âœ° Measurements
Label - S fits UK6-8
Length - 21""
Pit to pit - 13.75""
Shoulder to shoulder - 13""
Sleeve from pit - 1""
XS/S mannequin. 

âœ° 2+ items for free UK shipping!!
âœ° USA - Â£9.75
âœ° EUROPE - Â£8.75

ğŸ¸ Sales are final! ğŸ¸","XS","Â£24.00","=""-""","=""-""","=""-""","Â£2.40","=""-""","=""-""","=""-""","=""-""","STRIPE","T-shirts","GB","=""-""","=""-""","=""-""","N/A","N/A"
"02/05/2023","4:29 PM","21/04/2023","No","archiveofalesha","Kappa","Kappa zip up sweater 

2000s Kappa zip jacket/sweater. Features Japanese lettering patches across chest. Italy patch on right arm and kappa patch on left arm. Ribbed off white/blue cuffs and collar. â€˜italiaâ€™ embroidery on back. Excellent condition!

âœ° Measurements
Label - menâ€™s S shown oversized on UK8
Length - 25â€
Shoulder to shoulder - 19â€
Pit to pit - 21.5â€
Sleeve from pit - 21â€
XS/S mannequin. 

âœ° 2+ items for free UK shipping!!
âœ° USA - Â£18.50
âœ° EUROPE - Â£11.55

ğŸ¸ Sales are final! ğŸ¸
ZC17","S","Â£32.00","Â£3.45","Â£35.45","Â£0.00","Â£3.54","Â£1.33","=""-""","Â£0.81","Â£4.06","STRIPE","Outerwear","GB",,,,"N/A","N/A"
"02/05/2023","7:21 PM","16/04/2023","No","leonams","Diesel","Diesel crossbody bag

Printed Diesel crossbody bag. Features blue running paint graphic and black dye splashes. Zip compartment on outer flap small interior pocket (missing a zip but no damage so might be a factory fault?). Stains around main opening as pictured (some fainter ones along zip). Otherwise excellent condition!

âœ° Measurements
Width - 14.5â€
Height - 16.75â€
Opening - 13.5â€
XS/S mannequin. 

âœ° 2+ items for free UK shipping!!
âœ° USA - Â£18.50
âœ° EUROPE - Â£11.55

ğŸ¸ Sales are final! ğŸ¸",,"Â£60.00","Â£18.50","Â£78.50","Â£0.00","Â£7.85","Â£2.58","=""-""","Â£1.74","Â£8.69","STRIPE","Bags & Purses","NO",,,,"N/A","N/A"
"03/05/2023","8:19 PM","04/01/2023","No","111_holly","N/A","Y2k Angel tshirt 

00s tee with little v neck. Features angel screen print on front and wings on back. Excellent condition!! 

âœ° Measurements
Label - S fits xs-s UK6-10
Length - 20.5â€
Pit to pit - 15â€
Shoulder to shoulder - 14â€
Sleeve - 5.5â€
XS/S mannequin. 

âœ° 2+ items for free UK shipping!!
âœ° USA - Â£10
âœ° EUROPE - Â£9

ğŸ¦‹ Sales are final! ğŸ¦‹","S","Â£22.00","Â£3.05","Â£25.05","Â£0.00","Â£2.50","Â£1.03","=""-""","Â£0.59","Â£2.94","STRIPE","T-shirts","GB",,,,"N/A","N/A"
"04/05/2023","6:51 AM","14/04/2023","No","misstropical","N/A","DiamantÃ© racing tshirt 

2000s MotoGP black racing tshirt. Features red and silver diamantÃ© â€˜R GSXâ€™ graphic. Missing two rhinestones otherwise excellent condition!

âœ° Measurements
Label - no label fits S/M UK8/10
Length - 22.5""
Shoulder to shoulder - 13""
Pit to pit - 16""
Sleeve from pit - 1.5""
XS/S mannequin. 

âœ° 2+ items for free UK shipping!!
âœ° USA - Â£10.55
âœ° EUROPE - Â£8.85

ğŸ¸ Sales are final! ğŸ¸
FC510","S","Â£24.00","Â£2.70","Â£26.70","Â£0.00","Â£2.67","Â£1.07","=""-""","Â£0.62","Â£3.12","STRIPE","T-shirts","GB",,,,"N/A","N/A"
"04/05/2023","4:25 PM","29/04/2023","No","akiho__","Cop Copine","Cop Copine longsleeve top

90s 00s Cop Copine tshirt. Features abstract screen print with flocking details across front and contrast red zip at neck. Stitching at neck and armpit has come a little loose reinforced by hand. Otherwise great condition! 


âœ° Measurements
Label - 1 fits S UK8-10
Length - 21â€
Pit to pit - 15.5â€
Shoulder to shoulder - 12.5â€
Sleeve from pit - 21â€
XS/S mannequin. 

âœ° 2+ items for free UK shipping!!
âœ° USA - Â£12
âœ° EUROPE - Â£9

ğŸ¦‹ Sales are final! ğŸ¦‹","S","Â£36.00","Â£3.15","Â£39.15","Â£0.00","Â£3.92","Â£1.44","=""-""","Â£0.89","Â£4.47","STRIPE","T-shirts","GB",,,,"N/A","N/A"
"06/05/2023","3:33 PM","21/04/2023","No","calicostudio","Esprit","EDC rib knit khaki jumper 

Edc by esprit ribbed jumper. Features wide neck small embroidered patch on front. Chevron pattern in knit down either side of body. Excellent condition!

âœ° Measurements
Label - XS fits XS/S UK6/8/10
Length - 20.5â€
Pit to pit - 14.5â€
Sleeve from pit - 21.5â€
Sleeve from neck - 29.5â€
XS/S mannequin. 

âœ° 2+ items for free UK shipping!!
âœ° USA - Â£18.50
âœ° EUROPE - Â£11.55

ğŸ¸ Sales are final! ğŸ¸
ZC25","XS","Â£39.00","Â£3.45","Â£42.45","Â£0.00","Â£4.24","Â£1.53","=""-""","Â£0.96","Â£4.81","STRIPE","Sweaters","GB",,,,"N/A","N/A"
"08/05/2023","12:31 PM","12/04/2023","No","stargirllvintage","Sisley","Sisley long sleeve top

Black longsleeve tshirt by Sisley. Features brand name in silver rhinestones across chest. Symmetrical black stitching details down either side. Excellent condition!

âœ° Measurements
Label - no size fits S/M UK8/10
Length - 22""
Shoulder to shoulder - 14.5""
Pit to pit - 14.5""
Sleeve from pit - 19""
XS/S mannequin. 

âœ° 2+ items for free UK shipping!!
âœ° USA - Â£10.65
âœ° EUROPE - Â£9.20

ğŸ¸ Sales are final! ğŸ¸
FC480","S","Â£28.00","Â£3.45","Â£31.45","Â£0.00","Â£3.14","Â£1.21","=""-""","Â£0.72","Â£3.63","STRIPE","T-shirts","GB",,,,"N/A","N/A"
"08/05/2023","5:12 PM","16/04/2023","No","froodlenoodle","N/A","Gorpcore tie back vest 

2000s brown vest top. Features eyelet details around neckline and ties up the back. Fabric is piling otherwise good condition!

âœ° Measurements
Label - M fits S/M UK8/10
Length - 19""
Pit to pit - 12"" (stretchy can be larger depending on ties)
XS/S mannequin. 

âœ° 2+ items for free UK shipping!!
âœ° USA - Â£10.55
âœ° EUROPE - Â£8.85

ğŸ¸ Sales are final! ğŸ¸
FC478","S","Â£23.00","Â£2.70","Â£25.70","Â£0.00","Â£2.57","Â£1.05","=""-""","Â£0.60","Â£3.02","STRIPE","Tank tops","GB",,,,"N/A","N/A"
"08/05/2023","8:28 PM","14/04/2023","No","evie_janee","N/A","DiamantÃ© moto tshirt

Rhinestone black MotoGP tshirt features silver rhinestones alpinestars logo across front. Excellent condition!

âœ° Measurements
Label - S fits XS/S UK6/8
Length - 22â€
Shoulder to shoulder - 12â€
Pit to pit - 14â€
XS/S mannequin. 

âœ° 2+ items for free UK shipping!!
âœ° USA - Â£10.55
âœ° EUROPE - Â£8.85

ğŸ¸ Sales are final! ğŸ¸","S","Â£28.00","Â£2.70","Â£30.70","Â£0.00","Â£3.07","Â£1.19","=""-""","Â£0.71","Â£3.55","STRIPE","T-shirts","GB",,,,"N/A","N/A"
"09/05/2023","5:44 PM","14/04/2023","No","mariadolotina","N/A","2000s Black graphic tshirt 

Y2k black tshirt features grey lips screen print. Excellent condition!

âœ° Measurements
Label - S fits UK6/8/10
Length - 20.5""
Shoulder to shoulder - 14""
Pit to pit - 15""
XS/S mannequin. 

âœ° 2+ items for free UK shipping!!
âœ° USA - Â£10.55
âœ° EUROPE - Â£8.85

ğŸ¸ Sales are final! ğŸ¸
FC502","S","Â£25.00","Â£2.70","Â£27.70","Â£0.00","Â£2.77","Â£1.10","=""-""","Â£0.65","Â£3.22","STRIPE","T-shirts","GB",,,,"N/A","N/A"
"10/05/2023","10:15 AM","20/04/2023","No","na_l_a","Roxy","Roxy double zip jumper

00s Roxy blue zip up knit. Features baby blue accent details ribbed collar hem cuffs and pockets. Roxy patches across chest and a double zip! Excellent condition! 

âœ° Measurements
Label - M fits S/M UK8/10/12
Length - 21.5â€
Pit to pit - 17.5â€
Sleeve from neck  - 26.5â€
Sleeve from pit - 19â€
XS/S mannequin. 

âœ° 2+ items for free UK shipping!!
âœ° USA - Â£18.50
âœ° EUROPE - Â£11.55

ğŸ¸ Sales are final! ğŸ¸
FC523","M","Â£45.00","Â£3.45","Â£48.45","Â£0.00","Â£4.84","Â£1.71","=""-""","Â£1.09","Â£5.46","STRIPE","Sweaters","GB",,,,"N/A","N/A"
"11/05/2023","8:27 PM","14/04/2023","No","shshshhwjekekenbwk","N/A","2000s orange tank top 

Studded 00s tank top. Colour is kind of halfway between orange and red features graphic grey text reading â€˜Just Guga Girlsâ€™ across chest. Little metal stud details on text. Excellent condition!

âœ° Measurements
Label - no label fits XS/S UK6/8
Length - 20.5""
Pit to pit - 14""
XS/S mannequin. 

âœ° 2+ items for free UK shipping!!
âœ° USA - Â£9.65
âœ° EUROPE - Â£8.65

ğŸ¸ Sales are final! ğŸ¸
Zc27","S","Â£23.00","Â£2.70","Â£25.70","Â£0.00","Â£2.57","Â£1.05","=""-""","Â£0.60","Â£3.02","STRIPE","Tank tops","GB",,,,"N/A","N/A"
"12/05/2023","10:06 AM","28/12/2022","Yes","xzxzxzx","Esprit","Edc cargo shirt

00s y2k EDC by esprit cargo shirt. Features heavy embroidery details on front and sleeve. Asymmetric pocket design. Studded detail on back and faint text print. Cuffs have little gemstone poppers! Three missing sequins on back not noticeable. Excellent condition!

âœ° Measurements
Label - XS fits UK6-10
Length - 21.5â€
Pit to pit - 16.5â€
Shoulder to shoulder - 13.5â€
Sleeve from pit - 18â€
XS/S mannequin. 

âœ° 2+ items for free UK shipping!!
âœ° USA - Â£10.65
âœ° EUROPE - Â£9.20

ğŸ¦‹ Sales are final! ğŸ¦‹","XS","Â£35.00","Â£11.50","Â£78.50","Â£0.00","Â£4.08","Â£0.00","=""-""","Â£0.68","Â£3.40","PAYPAL","Shirts","KR",,,,"N/A","N/A"
"12/05/2023","10:06 AM","09/02/2023","Yes","xzxzxzx","N/A","Gorpcore printed cargo shirt

2000s lightweight red cotton short sleeved shirt. Features dark grey screen print pattern near hem with small metal tag embroidered onto left side. Adjustable ties on sleeves. Excellent condition!

âœ° Measurements
Label - 38 fits M/L UK10/12/14
Length - 24â€
Pit to pit - 18â€
Shoulder to shoulder - 15â€
Sleeve - 6â€ (adjustable)
XS/S mannequin. (Pinned to fit)

âœ° 2+ items for free UK shipping!!
âœ° USA - Â£9.75
âœ° EUROPE - Â£8.75

ğŸ¸ Sales are final! ğŸ¸","M","Â£32.00","=""-""","=""-""","=""-""","Â£3.78","=""-""","=""-""","=""-""","=""-""","PAYPAL","Shirts","KR","=""-""","=""-""","=""-""","N/A","N/A"
"13/05/2023","12:51 PM","21/04/2023","No","rosieepike","N/A","Gorpcore beige bomber jacket

00s cotton bomber jacket. Stiff cotton fabric. Features buttoned epaulets ribbed collar cuffs and hem two zip pockets on front with D rings attached to left pocket flap. Red mark on sleeve and side of jacket next to sleeve. Light brown mark on back of sleeve. Last 2 photos. Otherwise good condition! 

âœ° Measurements
Label - S fits S/M UK8/10/12
Length - 22â€
Shoulder to shoulder - 15â€
Pit to pit - 18.75â€
Sleeve from pit - 19â€
XS/S mannequin. 

âœ° 2+ items for free UK shipping!!
âœ° USA - Â£18.50
âœ° EUROPE - Â£11.55

ğŸ¸ Sales are final! ğŸ¸
ZC8","S","Â£30.00","Â£3.45","Â£33.45","Â£0.00","Â£3.34","Â£1.27","=""-""","Â£0.77","Â£3.84","STRIPE","Outerwear","GB",,,,"N/A","N/A"
"13/05/2023","12:57 PM","14/04/2023","No","stainedrabbitstudio","N/A","Gorpcore khaki longsleeve 

Y2k khaki and light green longsleeve tee. Features flowers screen print across front. Contrast neck (cut edge detail) back and stitching. Light piling on chest and underarms screen print a little cracked. Otherwise great condition. 

âœ° Measurements
Label - 1 fits S/M UK8/10
Length - 22â€ 
Shoulder to shoulder - 14â€
Pit to pit - 15.5â€
Sleeve from pit - 19.5â€
XS/S mannequin. 

âœ° 2+ items for free UK shipping!!
âœ° USA - Â£10.55
âœ° EUROPE - Â£8.85

ğŸ¸ Sales are final! ğŸ¸
FC457","S","Â£24.00","Â£2.70","Â£26.70","Â£0.00","Â£2.67","Â£1.07","=""-""","Â£0.62","Â£3.12","STRIPE","T-shirts","GB",,,,"N/A","N/A"
"14/05/2023","1:27 PM","20/04/2023","No","lucychung","N/A","Gorpcore flower print T-shirt 

Khaki/Lime tshirt with follower screen print across front. Contrast stitching. Excellent condition!

âœ° Measurements
Label - 3 fits M/L UK10/12
Length - 21.5â€
Shoulder to shoulder - 13.5â€
Pit to pit - 17.5â€
Sleeve from pit - 1â€
XS/S mannequin. 

âœ° 2+ items for free UK shipping!!
âœ° USA - Â£10.50
âœ° EUROPE - Â£8.85

ğŸ¸ Sales are final! ğŸ¸
FC463","M","Â£26.00","Â£2.70","Â£28.70","Â£0.00","Â£2.87","Â£1.13","=""-""","Â£0.67","Â£3.33","STRIPE","T-shirts","GB",,,,"N/A","N/A"
"14/05/2023","1:40 PM","20/04/2023","No","lumacid","N/A","Replay pink zip sweater

2000s Replay zip up sweater. Features raw seam details and sewn on â€˜REPLAYâ€™ patches. Excellent condition!

âœ° Measurements
Label - S fits UK8/10
Length - 21.5â€
Pit to pit - 17â€
Sleeve from neck - 28.5â€
Sleeve from pit - 22.5â€
XS/S mannequin. 

âœ° 2+ items for free UK shipping!!
âœ° USA - Â£18.50
âœ° EUROPE - Â£11.55

ğŸ¸ Sales are final! ğŸ¸
ZC16","S","Â£50.00","Â£3.45","Â£53.45","Â£0.00","Â£5.34","Â£1.85","=""-""","Â£1.20","Â£5.99","STRIPE","Outerwear","GB",,,,"N/A","N/A"
"14/05/2023","3:03 PM","05/01/2023","Yes","ellaumbrella","N/A","00s graphic T-shirt 

2000s beige tshirt with brown screen print on front. Small cargo details with eyelets sewn onto body of top. Excellent condition!

âœ° Measurements
Label - FR38/40 fits M-L UK10-14
Length - 21.5â€
Pit to pit - 18â€
Shoulder to shoulder - 15â€
Sleeve - 6.5â€
XS/S mannequin. (Pinned)

âœ° 2+ items for free UK shipping!!
âœ° USA - Â£10.65
âœ° EUROPE - Â£9.20

ğŸ¦‹ Sales are final! ğŸ¦‹","M","Â£21.50","Â£0.00","Â£100.00","Â£0.00","Â£2.15","Â£0.00","=""-""","Â£0.36","Â£1.79","PAYPAL","T-shirts","GB",,,,"N/A","N/A"
"14/05/2023","3:03 PM","27/02/2023","Yes","ellaumbrella","N/A","Gorpcore brown zip hoodie

2000s zip up hoodie. Features contrasting brown fabrics on pocket/hood sleeves and body. Contrast blue stitching and print on back. Mini rib knit sleeves. Excellent condition! 

âœ° Measurements
Label - 1 fits M/L UK10/12/14
Length - 22â€
Shoulder to shoulder - 13.5â€
Pit to pit - 18.5â€
Sleeve from pit - 19.5â€
XS/S mannequin. (Pinned to fit)

âœ° 2+ items for free UK shipping!!
âœ° USA - Â£19.80
âœ° EUROPE - Â£11.12

ğŸ¸ Sales are final! ğŸ¸","M","Â£33.50","=""-""","=""-""","=""-""","Â£3.35","=""-""","=""-""","=""-""","=""-""","PAYPAL","Hoodies","GB","=""-""","=""-""","=""-""","N/A","N/A"
"14/05/2023","3:03 PM","15/04/2023","Yes","ellaumbrella","N/A","Gorpcore khaki graphic tee

2000s khaki tshirt. Features graphic abstract print across front excellent condition!

âœ° Measurements
Label - 1 fits S/M UK8/10
Length - 22""
Shoulder to shoulder - 12.5""
Pit to pit - 16.5""
Sleeve from pit - 1""
XS/S mannequin. 

âœ° 2+ items for free UK shipping!!
âœ° USA - Â£10.55
âœ° EUROPE - Â£8.85

ğŸ¸ Sales are final! ğŸ¸
FC465","S","Â£23.50","=""-""","=""-""","=""-""","Â£2.35","=""-""","=""-""","=""-""","=""-""","PAYPAL","T-shirts","GB","=""-""","=""-""","=""-""","N/A","N/A"
"14/05/2023","3:03 PM","20/04/2023","Yes","ellaumbrella","N/A","Gorpcore grey Knit hoodie

00s knit grey/white pullover hoodie. Features hood with a raised collar around neck. â€˜Xâ€™ graphic knitted into fabric. Knit is piling a fair amount otherwise good condition!

âœ° Measurements
Label - M fits M/L UK10/12/14
Length - 24.5â€
Shoulder to shoulder - 14.5â€
Pit to pit - 17â€
Sleeve from pit - 16.25â€
XS/S mannequin. (Pinned to fit)

âœ° 2+ items for free UK shipping!!
âœ° USA - Â£18.50
âœ° EUROPE - Â£11.55

ğŸ¸ Sales are final! ğŸ¸
ZC1","M","Â£21.50","=""-""","=""-""","=""-""","Â£2.15","=""-""","=""-""","=""-""","=""-""","PAYPAL","Hoodies","GB","=""-""","=""-""","=""-""","N/A","N/A"
"17/05/2023","8:14 PM","16/04/2023","No","**ANONYMIZED_27925306**","Esprit","**ANONYMIZED**","M","Â£46.00","Â£3.45","Â£49.45","Â£0.00","Â£4.94","Â£1.73","=""-""","Â£1.11","Â£5.56","STRIPE","Sweaters","**ANONYMIZED**",,,,"Â£49.45","Â£6.67"
"18/05/2023","10:40 AM","21/09/2022","No","imanh001","N/A","00s khaki cargo jacket 

Vintage 2000s jacket with elastic toggles running up sleeves. Contrast grey/beige and khaki fabrics.  Single open pocket on front. Excellent condition! 

âœ° Measurements
Label - 2 fits M UK10-12
Length - 22â€
Pit to pit - 18.5â€
Shoulder - 5.5â€
Sleeve - 25.5â€ (adjustable to 19.5â€)
XS/S mannequin. (Pinned to display fit)

âœ° 2nd class shipping 2+ items free UK shipping
âœ° Please ask for international shipping!  
âœ° USA - Â£20 shipping covers up to 3 items

ğŸ¦‹ Sales are final! ğŸ¦‹","M","Â£48.00","Â£4.45","Â£52.45","Â£0.00","Â£5.24","Â£1.82","=""-""","Â£1.18","Â£5.88","STRIPE","Outerwear","GB",,,,"N/A","N/A"
"19/05/2023","3:47 PM","20/04/2023","No","jam3sbryce","Diesel","Diesel khaki zip hoodie 

2000s Diesel khaki green zip up hoodie. Features embroidered â€˜Dâ€™ patch on chest stripey ribbed cuffs and hem. Embroidered design across back with another patch! Inside is bobbled but otherwise Excellent condition!

âœ° Measurements
Label - S fits UK6/8/10
Length - 21.5â€
Shoulder to shoulder - 15â€
Pit to pit - 17.5â€
Sleeve from pit - 18.75â€
XS/S mannequin. 

âœ° 2+ items for free UK shipping!!
âœ° USA - Â£18.50
âœ° EUROPE - Â£11.55

ğŸ¸ Sales are final! ğŸ¸
ZC12","S","Â£60.00","Â£3.45","Â£63.45","Â£0.00","Â£6.34","Â£2.14","=""-""","Â£1.41","Â£7.07","STRIPE","Hoodies","GB",,,,"N/A","N/A"
"19/05/2023","5:26 PM","17/05/2023","No","seriya","N/A","Gorpcore denim bomber jacket

2000s utility bomber dark grey denim. Features rib knit collar. Adjustable waist straps zips and cuffs two pockets on front. excellent condition!

âœ° Measurements
Label - 2 fits M UK10/12
Length - 20â€
Shoulder to shoulder - 15â€
Pit to pit - 18.5â€
Sleeve from pit - 17â€
XS/S mannequin. (Pinned to fit)

âœ° 2+ items for free UK shipping!!
âœ° USA - Â£18.50
âœ° EUROPE - Â£11.55

ğŸ¸ Sales are final! ğŸ¸","M","Â£49.00","Â£3.45","Â£52.45","Â£0.00","Â£5.24","Â£1.82","=""-""","Â£1.18","Â£5.88","STRIPE","Outerwear","GB",,,,"N/A","N/A"